"","StartDate","EndDate","Status","Progress","Duration..in.seconds.","Finished","RecordedDate","ResponseId","RecipientLastName","RecipientFirstName","RecipientEmail","ExternalReference","LocationLatitude","LocationLongitude","DistributionChannel","UserLanguage","sex","age","race","educ","employ","income","pol","pol2_1","chemicals","busBomb","dateRape","corruptEnv","militia","spoiledFood","bribe","marine","police","mugging","fill1","fill2","fill3","fill4","fill5","fill6","fill7","fill8","fill9","fill10","check5","check1","check_t_First.Click","check_t_Last.Click","check_t_Page.Submit","check_t_Click.Count","why","thoughts","attn"
"1","3/11/16 13:51","3/11/16 13:56",0,100,274,1,"3/11/16 13:56","R_2tM2XW7A4XAdMfP",NA,NA,NA,NA,31.11,-97.67,"anonymous","EN",2,45,1,6,3,1,2,13,4,2,3,2,3,2,4,3,2,2,3,3,3,3,3,1,5,2,4,5,5,1,2.301,2.301,6.147,1,"Sometimes in very poor areas, you give them a bit more slack.  ","no",1
"2","3/11/16 13:50","3/11/16 13:56",0,100,394,1,"3/11/16 13:56","R_2SII0DINagluCwI",NA,NA,NA,NA,31.98,-102.13,"anonymous","EN",2,28,1,4,2,9,9,28,3,3,4,3,3,2,3,4,2,3,3,3,3,3,3,1,5,2,5,5,5,1,5.105,7.179,8.543,2,"For the questions where it was the exact same situation happening just in different locations I typically chose that neither seemed worse because they honestly were equally bad.  The Cat vs Doll on fire question, obviously the cat is a living creature and the doll is not so that one was worse.","none",1
"3","3/11/16 13:52","3/11/16 13:56",0,100,265,1,"3/11/16 13:56","R_3EcFh0dPyCxIWAX",NA,NA,NA,NA,50.92,-1.42,"anonymous","EN",2,23,1,3,1,9,2,6,3,3,3,3,3,2,3,1,3,3,3,3,3,3,3,1,5,2,4,4,5,1,1.295,4.693,5.99,2,"A lot of the answers were so similar and just had places switched, and to me it would have been just as equally bad or unfavorable no matter where the event took place.","No",1
"4","3/11/16 13:51","3/11/16 13:58",0,100,393,1,"3/11/16 13:58","R_2cCyM2vEM0AArPU",NA,NA,NA,NA,47.54,-122.27,"anonymous","EN",1,50,1,4,1,11,1,82,4,2,4,2,4,2,4,2,4,1,3,3,3,4,3,1,5,2,5,5,5,1,3.873,3.873,7.324,1,"Some actions seem more likely in some places and do not seem as shocking as when they might occur in other places.  So the more shocking place seems to make the action feel worse.","No",1
"5","3/11/16 13:50","3/11/16 13:59",0,100,501,1,"3/11/16 13:59","R_yPhkStwDQRAWaEF",NA,NA,NA,NA,34.13,-82.8,"anonymous","EN",2,57,1,3,4,1,9,13,3,3,3,3,3,3,3,3,2,3,3,3,3,3,3,1,5,3,4,5,5,1,8.995,8.995,11.718,1,"Because the majority of them were just as bad the only difference is where they took place.","no",1
"6","3/11/16 13:54","3/11/16 13:59",0,100,298,1,"3/11/16 13:59","R_29gdu7g9lNcVsKQ",NA,NA,NA,NA,32.07,34.77,"anonymous","EN",1,43,1,6,1,10,1,53,3,3,3,4,3,4,4,2,3,3,3,3,3,3,3,1,5,2,5,5,5,1,4.367,4.367,7.091,1,"I gave what seemed to be the most logical answers, coupled with a gut feeling.  That's pretty much it.","",1
"7","3/11/16 13:52","3/11/16 13:59",0,100,410,1,"3/11/16 13:59","R_2pPLO1JeHwIL4nW",NA,NA,NA,NA,40.52,-105.14,"anonymous","EN",1,24,1,4,1,3,1,60,4,2,1,1,3,1,3,2,3,1,3,3,3,3,2,1,5,1,5,5,5,1,6.605,6.605,7.708,1,"I chose which action based on the severity of the consequences and which seemed to have more negative actions",NA,1
"8","3/11/16 13:51","3/11/16 13:59",0,100,527,1,"3/11/16 13:59","R_DjVW2CJN83F3ZUR",NA,NA,NA,NA,48.77,-95.79,"anonymous","EN",1,35,1,2,1,1,1,64,5,1,5,1,5,1,5,1,5,1,5,5,3,1,5,1,5,1,5,5,5,1,4.89,4.89,11.06,1,"i chose which situation i believed to be worse","was interesting",1
"9","3/11/16 13:53","3/11/16 14:00",0,100,395,1,"3/11/16 14:00","R_2tLpnQEBmek2JFc",NA,NA,NA,NA,37.36,-79.78,"anonymous","EN",2,30,1,3,5,3,3,34,3,3,3,3,3,3,3,4,3,3,3,3,3,3,3,1,5,2,5,5,5,1,4.604,6.182,7.571,2,"I looked at the effect each action had on a person. If one action had more of an effect I picked that one. If they effects were the same, I chose that neither seemed worse.","No",1
"10","3/11/16 13:52","3/11/16 14:01",0,100,510,1,"3/11/16 14:01","R_eyetB5W4kstrScp",NA,NA,NA,NA,27.57,-82.38,"anonymous","EN",2,51,1,4,6,12,1,83,3,3,3,3,3,3,3,3,3,3,3,3,3,3,3,1,5,3,4,5,5,1,8.524,8.524,11.041,1,"When I chose the same or neither was worse, it was just that to me they were the same. Bad is Bad and Good is Good.","interesting study!",1
"11","3/11/16 13:54","3/11/16 14:02",0,100,460,1,"3/11/16 14:02","R_ABbAPlG3T6Bxq4F",NA,NA,NA,NA,44.83,-93.28,"anonymous","EN",2,51,1,3,6,9,2,54,3,3,3,3,3,3,3,3,3,3,3,3,3,3,3,1,5,1,3,1,5,1,5.341,5.341,7.548,1,"specifically for the knife vs gun in school - both can kill, so both are equal.  As for the child setting fire to a cat or a doll, it's CONCERNING for both, but the cat is living.  The others are basically the same regardless of where the crime took place.","no",1
"12","3/11/16 13:54","3/11/16 14:02",0,100,445,1,"3/11/16 14:02","R_3Nwwzw5BsyEALiY",NA,NA,NA,NA,32.31,-110.93,"anonymous","EN",2,23,1,4,2,2,9,26,3,3,3,3,3,2,3,3,3,3,3,3,3,3,3,1,5,2,4,5,5,1,6.224,6.224,7.947,1,"I just went with my intuition. Many of the items seemed equally bad to me","",1
"13","3/11/16 13:51","3/11/16 14:02",0,100,676,1,"3/11/16 14:02","R_2tieiYjIISv5wRH",NA,NA,NA,NA,33.66,-84.73,"anonymous","EN",2,69,7,3,6,11,2,5,3,3,3,3,3,3,3,2,4,3,3,3,3,3,3,1,5,3,5,3,5,1,15.162,15.162,22.356,1,"Some choices were equally bad.  One response was not worse than another.  In some cases, one situation was slightly worse than another.","None",1
"14","3/11/16 13:55","3/11/16 14:03",0,100,457,1,"3/11/16 14:03","R_xbzYbXXzo22aTXr",NA,NA,NA,NA,34.05,-118.24,"anonymous","EN",1,24,1,4,1,2,3,97,3,3,3,3,3,1,3,3,3,3,3,3,4,3,3,1,5,1,4,5,5,1,4.477,4.477,9.012,1,"If they were the same action in different places then their severity is the same. If one action was worse regardless of location then it was worse.","no",1
"15","3/11/16 13:59","3/11/16 14:04",0,100,320,1,"3/11/16 14:05","R_3PbJPL4BkUO3mf7",NA,NA,NA,NA,41.05,-76.47,"anonymous","EN",1,31,1,6,3,11,2,2,3,3,3,3,3,1,3,3,3,3,3,3,3,3,3,1,5,2,4,5,5,1,3.644,3.644,4.959,1,"I tried to determine if the actions and resulting consequences were actually worse in comparison with each other, irrespective of the surrounding circumstances. For instance, the fact that a man robbed a couple in Detroit was just as bad as robbing them anywhere else. When the action and consequence were the same, I rated them as the same. ","Was one of the more interesting ones I've taken. ",1
"16","3/11/16 13:54","3/11/16 14:05",0,100,644,1,"3/11/16 14:05","R_3NypCzbDcpfv2ao",NA,NA,NA,NA,47.56,-122.54,"anonymous","EN",1,26,5,4,1,3,2,35,3,3,3,3,3,3,3,2,2,3,3,4,3,3,3,1,5,2,5,4,5,1,6.498,6.498,8.735,1,"I answered the way I did because I weighed both options. Some were really easy like a living cat vs an inanimate doll, but some were too close or it didn't really matter to me on the location - they both were equally as bad. I would usually look at which was worse, or if the threat was higher otherwise.","It was interesting.",1
"17","3/11/16 14:00","3/11/16 14:05",0,100,305,1,"3/11/16 14:05","R_3QYQxWGwjQC0FDS",NA,NA,NA,NA,29.58,-95.76,"anonymous","EN",1,25,1,4,4,1,3,18,3,3,3,3,3,3,3,3,3,3,3,3,3,3,3,1,5,2,5,5,5,1,2.876,2.876,4.079,1,"I try to see everyone equally, so most of the questions I felt were equal, despite nationality or city location (as long as the crime was equivalent). Otherwise I picked the option that, I would feel, causes the most stress in someones life (violent act over stolen possessions).","no",1
"18","3/11/16 13:56","3/11/16 14:10",0,100,846,1,"3/11/16 14:10","R_1GDL7yAusAgz1W1",NA,NA,NA,NA,59.91,10.75,"anonymous","EN",2,34,3,6,1,9,2,20,1,3,3,3,3,1,1,5,1,3,3,3,3,3,3,2,5,1,3,5,5,1,15.682,15.682,18.332,1,"I looked at differents aspects of the situations presented and weighed in humand/animal factors. In many situation,  the ""crime"" is it. No need to think about where, why and how it took place.","no",1
"19","3/11/16 14:06","3/11/16 14:12",0,100,373,1,"3/11/16 14:12","R_1gjvV5UC23jD7up",NA,NA,NA,NA,37.44,-121.87,"anonymous","EN",2,33,1,5,3,11,2,11,3,3,3,3,3,3,3,3,3,3,3,3,3,3,3,1,4,1,4,4,5,1,7.773,7.773,12.841,1,"If monetary values were listed, I based my decision often on that. If numbers of injury were higher, or recipients of injury were human, it swayed my decision. Some of them I had to think a little harder about because humans were involved in both sides of the situation.","Good luck compiling data!",1
"20","3/11/16 14:05","3/11/16 14:13",0,100,477,1,"3/11/16 14:13","R_T0fyaHrcmr0Gjhn",NA,NA,NA,NA,39.8,-75.54,"anonymous","EN",1,25,1,3,5,10,9,0,3,3,3,3,3,5,3,2,3,3,3,3,3,3,2,1,5,3,5,5,5,1,2.661,2.661,4.541,1,"The situations where the outcomes were identical apart from geography were interesting. For example, the London terrorist incident versus the Israel terrorist incident made me think about how I'd perceive both situations in the news. Would I be more scared if it happened in London? Probably, but it's hard to say it happening in London would be ""worse"".","I think it'd be useful to have an ""a lot worse"" category.",1
"21","3/11/16 14:02","3/11/16 14:13",0,100,698,1,"3/11/16 14:13","R_3PS4KhiaZAdbKQX",NA,NA,NA,NA,41.87,-88.06,"anonymous","EN",2,27,7,3,5,2,1,79,3,3,3,2,3,3,3,3,3,3,3,3,3,3,3,1,5,2,5,5,5,1,9.205,9.205,13.976,1,"I answered the way I did because if it was almost the exact same crime but a different city or place then neither one was worse than the other. It doesn't matter if it's in a better city or not all lives matter and should be treated the same. ","Good study ",1
"22","3/11/16 14:07","3/11/16 14:15",0,100,479,1,"3/11/16 14:15","R_2rjtdu7IBcxsKWf",NA,NA,NA,NA,40.8,-77.9,"anonymous","EN",2,25,1,4,1,3,9,46,3,3,3,2,3,2,3,2,3,3,3,3,3,3,3,2,4,3,4,5,5,1,9.957,9.957,11.728,1,"I chose to respond the way I did because both crimes were just as egregious.","No additional comments.",1
"23","3/11/16 14:07","3/11/16 14:15",0,100,468,1,"3/11/16 14:15","R_dncHYJrG2SRrpId",NA,NA,NA,NA,37.56,-77.38,"anonymous","EN",1,23,7,3,4,1,9,4,3,3,3,3,3,2,3,2,4,3,3,3,3,3,3,1,5,2,5,5,5,1,1.472,1.472,5.704,1,"A lot of the questions were the same thing, only with the location switched -- I think that, for example, a murder in Detroit is just as bad as a murder in Denver. Even if it's more likely in Detroit than Denver, it's still a human life.","I do not.",1
"24","3/11/16 14:08","3/11/16 14:16",0,100,443,1,"3/11/16 14:16","R_2fCgdQYYvRrZYK1",NA,NA,NA,NA,44.12,-103.2,"anonymous","EN",2,34,1,4,5,9,2,48,3,1,4,2,3,2,2,1,4,3,3,3,4,3,3,1,5,2,5,5,5,1,4.69,4.69,5.852,1,"I tried to take into consideration the location, the age of the victim, and the crime that was committed.  It felt like most of the actions were the same, the only difference was in the location or some other small detail that doesn't affect the outcome of the situation.","",1
"25","3/11/16 14:07","3/11/16 14:17",0,100,582,1,"3/11/16 14:17","R_2dMbSPivFp59x0Q",NA,NA,NA,NA,26.3,-80.27,"anonymous","EN",2,46,1,6,2,9,2,16,3,3,3,3,3,1,3,2,1,4,2,3,3,4,2,1,5,1,5,5,5,1,14.94,14.94,17.067,1,"Sometimes the outcomes were similar, such as similar crimes but in different countries. Unlike others such assetting a cat and doll, which seems worse: that's an easy one obviously setting a cat on fire.  I tried to go with my gut reaction.","interesting way to understand people's preferences and fears. ",1
"26","3/11/16 14:15","3/11/16 14:19",0,100,244,1,"3/11/16 14:19","R_1LjqNxa063oLAai",NA,NA,NA,NA,33.32,-111.82,"anonymous","EN",1,24,1,4,1,3,9,50,3,3,1,2,3,3,3,3,3,2,3,3,3,3,3,1,3,2,3,3,5,1,4.095,4.095,6.055,1,"i decided by what seem morally more wrong to me","",1
"27","3/11/16 14:16","3/11/16 14:20",0,100,225,1,"3/11/16 14:20","R_31hlWFRUWwUhfW3",NA,NA,NA,NA,38.65,-90.53,"anonymous","EN",2,34,1,6,5,11,1,75,3,2,3,3,3,2,3,2,3,3,3,3,3,3,3,1,5,2,5,3,5,1,3.531,4.522,5.13,2,"Some of the actions were more extreme, but for the most part I saw no difference.  Crime is crime.","no",1
"28","3/11/16 14:12","3/11/16 14:20",0,100,441,1,"3/11/16 14:20","R_2XniOolVnTIKDbM",NA,NA,NA,NA,42.36,-71.1,"anonymous","EN",1,31,7,3,4,1,9,4,3,3,3,3,3,3,3,2,3,3,3,3,3,3,3,1,5,2,4,5,5,1,9.615,9.615,11.187,1,"Actions that cause harm to people or animals are worse than those that only damage property.  Location does not affect the ""badness"" of a crime.","No",1
"29","3/11/16 14:15","3/11/16 14:20",0,100,348,1,"3/11/16 14:20","R_29s0HXbC9ie05Wd",NA,NA,NA,NA,42.8,-71.06,"anonymous","EN",2,27,1,4,2,1,11,47,3,3,3,3,3,3,3,2,3,3,3,3,3,3,3,1,5,3,3,5,5,1,3.498,5.886,6.943,2,"I based my answers off of my true believes stealing something 500$ and 200$ doesnt make any difference stealing is stealing along with all the others","",1
"30","3/11/16 14:14","3/11/16 14:21",0,100,446,1,"3/11/16 14:21","R_1nYOSlgNH0bYwc9",NA,NA,NA,NA,26.09,-80.18,"anonymous","EN",1,33,1,3,1,9,10,49,4,3,3,2,3,3,4,1,3,3,3,3,3,3,3,1,5,1,3,5,5,1,3.493,3.493,8.895,1,"I just thought about what situation seemed worse. I went with my gut reaction.","No",1
"31","3/11/16 14:10","3/11/16 14:25",0,100,873,1,"3/11/16 14:25","R_26mxaK5wAWw3GmU",NA,NA,NA,NA,39.88,-105.04,"anonymous","EN",1,19,1,3,2,3,3,0,5,1,2,4,3,1,3,1,4,2,3,3,3,2,4,1,3,1,5,5,5,1,4.701,4.701,8.941,1,"My answers depended on multiple variables such as the quality of life in one country versus another. for example, I felt a terrorist attack in London was worse than a similar attack in Israel because Israel is a nation in conflict where an attack can be expected. I would also choose an answer based on how I feel the situation will change in the future, such as a Chinese company harming the employees, versus a Japanese company.","I felt too many variables were changed in some individual questions.",1
"32","3/11/16 14:18","3/11/16 14:27",0,100,546,1,"3/11/16 14:27","R_WoDRy0vFodNDTvX",NA,NA,NA,NA,29.93,-90.1,"anonymous","EN",2,40,1,4,3,3,2,10,3,2,4,3,3,4,3,4,3,3,3,3,3,3,2,1,5,2,5,5,5,1,24.61,24.61,26.534,1,"Many instances described crimes of similar severity.   Judging one to be worse than the other would typically just be a choice made from some bias that can't be objectively justified. ","Interesting perspective.",1
"33","3/11/16 14:16","3/11/16 14:27",0,100,655,1,"3/11/16 14:27","R_3KH0TNnhVjIQ0gW",NA,NA,NA,NA,38,-97,"anonymous","EN",1,52,1,6,1,11,1,97,3,3,3,3,3,1,3,3,3,3,3,3,3,3,3,1,5,3,5,5,5,1,8.841,8.841,10.723,1,"My answers were chosen based on the severity of an action. Which one gave biggest impact.","No additional comments",1
"34","3/11/16 14:22","3/11/16 14:27",0,100,287,1,"3/11/16 14:27","R_1pWHXlHGYGJTpIW",NA,NA,NA,NA,34.05,-118.24,"anonymous","EN",1,32,3,2,1,2,3,91,3,3,3,3,3,3,3,3,3,3,3,3,3,3,3,1,5,1,5,5,5,1,3.248,3.248,6.098,1,"Just used honesty and logic to answer.","It was interesting.",1
"35","3/11/16 14:21","3/11/16 14:28",0,100,387,1,"3/11/16 14:28","R_1EhSEYVNC5zOIAO",NA,NA,NA,NA,28.02,-80.67,"anonymous","EN",2,48,1,3,2,10,1,90,3,3,3,3,3,3,3,3,3,3,3,3,3,3,3,1,5,2,4,5,5,1,6.716,6.716,8.326,1,"It wouldn't matter to me where something happened but what happened","",1
"36","3/11/16 14:17","3/11/16 14:28",0,100,702,1,"3/11/16 14:29","R_1lnjtjSplHfk6TJ",NA,NA,NA,NA,35.47,-80.26,"anonymous","EN",1,30,1,3,1,2,2,18,3,3,3,3,3,2,3,3,3,3,3,3,3,3,3,1,5,3,5,5,5,1,3.456,3.456,5.088,1,"I just went with what seemed morally right to me.  For example, if something happened and an equall number or people were killed or hurt because of the incident, it doesn't matter where it happened and they are both equally bad.  But in instances like where a child either brings a knife or gun to school, I feel the gun is definitely worse because the gun only has one purpose (to cause harm to another person), whereas a knife has multiple purposes and is not necessarily  malicious in nature.","None",1
"37","3/11/16 14:16","3/11/16 14:31",0,100,866,1,"3/11/16 14:31","R_3h4TONPTZR78p0E",NA,NA,NA,NA,38,-97,"anonymous","EN",2,61,1,3,6,3,11,50,3,3,3,3,3,3,3,3,3,3,3,3,3,3,3,1,5,1,5,5,5,1,7.466,7.466,9.111,1,"Causing injury is not right. A cat's life is more important that the destruction of a doll. Shooting someone is equally wrong in situations given. Stealing is wrong but seriousness of monetary value is issue. Rape is wrong no matter how done. Bribery is equally wrong. Accidents happen and injurys in these senarios are equally harmful. Stealing a car is wrong but carjacking involves more than just stealing a car. This was interesting to complete.","Not sure what you were looking for. My personal viewpoints tend to be morally and ethically influenced.",1
"38","3/11/16 14:20","3/11/16 14:33",0,100,743,1,"3/11/16 14:33","R_1OQcIjBNDNFvwAd",NA,NA,NA,NA,33.79,-118.3,"anonymous","EN",2,37,1,4,1,11,2,0,3,3,3,3,3,2,3,4,3,3,3,3,3,3,3,1,5,2,5,4,5,1,6.85,6.85,8.073,1,"In most cases, I did not feel biased to one group of people over another. There were some cases that were harder to answer, like in the case of the restaurant. I chose my answer to that one based on the higher training and greater number of kitchen helpers rather than the cost of the meal. ","The use of the word ""terrorists"" in one of the questions seems to add a little bias. I wondered if they were intentionally terrorizing for political gain or if they were people acting under extreme pressure because their lives and well-being are in jeopardy. ",1
"39","3/11/16 14:30","3/11/16 14:33",0,100,200,1,"3/11/16 14:33","R_3rPvbuqP3M5DclR",NA,NA,NA,NA,40.74,-74.14,"anonymous","EN",2,21,5,3,2,9,2,9,3,3,2,2,3,1,2,4,2,4,3,3,3,3,3,1,4,2,5,5,5,1,1.582,1.582,4.087,1,"Depended on which situation had the worst outcome","No",1
"40","3/11/16 14:22","3/11/16 14:34",0,100,720,1,"3/11/16 14:34","R_CfTNrZV5L1dySHL",NA,NA,NA,NA,36.46,-87.38,"anonymous","EN",2,31,1,3,5,10,2,16,5,1,3,1,3,1,5,4,3,1,3,3,3,3,3,1,5,1,5,5,5,1,8.547,8.547,18.518,1,"I thought about whether or not id feel worse one way or the other. Like... A bomb going off in london is awful and seems more ""Close to home"" than a bomb going off in Israel. I answered a lot of the questions that way. A cop bribing someone in Mexico isn't crazy. It seems like that happens a lot. But it would be scary as hell. A cop bribing me in spain wouldn't be nearly as scary. So it wouldn't be as bad. Tho..being bribed in general would suck.","no",1
"41","3/11/16 14:25","3/11/16 14:35",0,100,616,1,"3/11/16 14:35","R_3rZg3D5yDraWcDP",NA,NA,NA,NA,40.62,-74.25,"anonymous","EN",1,50,2,5,1,10,2,50,3,3,3,3,3,3,3,3,3,3,3,3,3,3,3,1,5,3,5,5,5,1,5.46,5.46,12.736,1,"I answered the questions based on complete objectivity and on complete fairness without regard to creed, race or other basis that would discriminate. If the action was bad I based it on everyone being equal and judged the action to apply to everyone across the board. ","It was a fun survey which I believe measures peoples's objectivity and biasness.",1
"42","3/11/16 14:25","3/11/16 14:39",0,100,825,1,"3/11/16 14:39","R_2BtAPUKc9XDuxhs",NA,NA,NA,NA,25.78,-80.18,"anonymous","EN",2,22,1,6,2,3,2,69,1,2,4,5,1,2,5,2,1,4,1,5,4,4,1,4,4,2,5,5,4,1,8.341,12.841,13.87,4,"I think these answers is the best accorate for the requarment ststments.","Thanks a lot...",1
"43","3/11/16 14:35","3/11/16 14:41",0,100,358,1,"3/11/16 14:41","R_xxxdVNdqLnyvdcJ",NA,NA,NA,NA,44.32,-69.06,"anonymous","EN",2,30,1,4,5,11,9,31,3,2,3,3,3,1,3,2,2,3,3,3,4,2,3,1,5,2,5,5,5,1,1.878,1.878,4.546,1,"When I answered ""Neither seems worse"" it was because they were equally bad! For example, the location of a terrorist attack or crime usually did not make a difference in how awful I thought the events were.","Interesting subjects.",1
"44","3/11/16 14:36","3/11/16 14:42",0,100,376,1,"3/11/16 14:42","R_2Xb2RDB4i4uYGbe",NA,NA,NA,NA,41.1,-104.91,"anonymous","EN",2,33,1,4,5,10,2,6,3,2,4,2,3,3,3,1,5,3,3,3,3,3,3,1,5,3,5,5,5,1,13.168,13.168,14.328,1,"I concentrated on the action and result, rather than the location. It shouldn't matter whether it's in Detroit or Denver, wrong is still wrong. ","No",1
"45","3/11/16 14:34","3/11/16 14:43",0,100,500,1,"3/11/16 14:43","R_2a9aHoX0dExAsrc",NA,NA,NA,NA,41.9,-87.64,"anonymous","EN",1,20,1,3,5,12,10,44,3,3,3,3,3,3,3,3,3,3,3,3,3,3,3,1,5,2,4,5,5,1,8.601,9.77,11.642,2,"Most of them seemed the same. ","No",1
"46","3/11/16 14:30","3/11/16 14:45",0,100,884,1,"3/11/16 14:45","R_3s7aeBhbX0j3soq",NA,NA,NA,NA,35.99,-77.85,"anonymous","EN",2,22,1,3,1,2,9,0,3,3,3,3,3,3,3,3,3,3,3,3,3,3,3,1,5,3,4,4,5,1,2.427,7.505,9.333,2,"The option that harmed someone was normally the option I thought was worse than the other.","",1
"47","3/11/16 14:45","3/11/16 14:49",0,100,252,1,"3/11/16 14:49","R_1OlxXPkpaGj9w7X",NA,NA,NA,NA,40.24,-76.92,"anonymous","EN",2,29,1,6,1,10,1,100,3,3,3,3,3,2,3,3,4,3,3,3,3,3,3,1,5,3,3,5,5,1,10.384,10.384,11.111,1,"Most of them did not seem worse than the other, they were equally terrible.","NO.",1
"48","3/11/16 14:35","3/11/16 14:49",0,100,826,1,"3/11/16 14:49","R_1OJpuZ2Okvq3aPK",NA,NA,NA,NA,28.47,-80.82,"anonymous","EN",1,26,3,4,1,9,2,18,3,3,3,1,3,1,3,3,3,3,3,3,3,3,3,1,4,1,5,4,5,1,2.277,5.592,8.514,3,"Mainly tried to see if there was any major nuance involved which was also fairly unbiased and logical. A good example is the car sales where a company who sold 5000 cars with a faulty navigation system was considered less at fault compared to a company which sold 2000 cars with faulty brake systems that could fail suddenly, which would be much greater risk and put people's lives at risk.","No, that is all.",1
"49","3/11/16 14:42","3/11/16 14:49",0,100,471,1,"3/11/16 14:49","R_1LkAyAUf7N2FOjv",NA,NA,NA,NA,33.14,-96.77,"anonymous","EN",1,31,5,6,2,9,9,72,3,3,3,3,3,3,3,3,3,3,3,3,3,3,3,3,5,3,3,3,5,1,9.262,9.262,11.042,1,"The severity of the situation make me to choose","The survey was very good",1
"50","3/11/16 14:41","3/11/16 14:50",0,100,557,1,"3/11/16 14:50","R_2tAxRER3d86m3wj",NA,NA,NA,NA,45.54,-121.15,"anonymous","EN",2,36,1,6,1,3,3,17,3,3,3,2,3,2,3,2,3,3,3,3,3,3,3,1,4,3,5,5,5,1,3.209,3.209,7.811,1,"If the action and those effected were essentially the same between #1 and #2 except for location or nationality it seemed they held equal level on a scale of horrific events. If however the action or the number of people effected was significantly different then one usually was rated as worse than the others. ","none",1
"51","3/11/16 14:42","3/11/16 14:53",0,100,654,1,"3/11/16 14:53","R_2cBnPKMeR8UrACn",NA,NA,NA,NA,39.01,-95.92,"anonymous","EN",2,45,1,3,2,9,9,47,3,3,3,3,3,3,3,3,3,3,3,3,3,3,3,1,5,1,5,5,5,1,7.255,7.255,9.456,1,"Many of the questions were the same scenario in a different location, which did not change the severity in my opinion. Only when the action was more severe did I answer appropriately. ","no",1
"52","3/11/16 14:57","3/11/16 15:05",0,100,462,1,"3/11/16 15:05","R_3R2SQhWYMzZpMBr",NA,NA,NA,NA,44.12,-103.2,"anonymous","EN",2,40,1,3,1,9,10,50,3,3,3,3,3,3,3,2,3,3,3,3,3,3,3,1,5,2,5,5,5,1,4.401,4.401,7.987,1,"I tried to avoid the obvious country/racial bias in the questions. ","one of your test if paying attention questions is misworded",1
"53","3/11/16 14:53","3/11/16 15:06",0,100,802,1,"3/11/16 15:06","R_2qypPRcu5QvWmkT",NA,NA,NA,NA,33.75,-117.99,"anonymous","EN",2,26,5,6,2,3,10,35,5,1,3,1,3,1,3,1,3,4,3,3,3,3,3,1,5,4,4,5,5,1,4.13,4.13,12.627,1,"I based on the consequences of which actions caused more damage or what country where the action occurs.","Interesting study",1
"54","3/11/16 15:02","3/11/16 15:09",0,100,397,1,"3/11/16 15:09","R_8uWmoTt83dzRmdH",NA,NA,NA,NA,39.06,-76.98,"anonymous","EN",2,40,1,6,1,10,2,18,3,3,3,3,3,3,3,3,3,3,3,3,3,3,3,1,5,2,5,5,5,1,3.353,4.797,5.952,2,"I tried to look at the consequences of the actions regardless of where it took place.","no",1
"55","3/11/16 15:08","3/11/16 15:16",0,100,516,1,"3/11/16 15:16","R_XLjq78J6oOOLq25",NA,NA,NA,NA,40.74,-74,"anonymous","EN",2,28,3,4,1,3,9,0,3,3,3,3,3,3,3,3,3,3,3,3,3,3,3,1,4,3,5,4,5,1,8.088,8.088,9.935,1,"I tried to think about what actually happened that was wrong/hurtful and whether the context had any affect on the wrong-ness of that action. A company knowingly exposing its workers to toxic chemicals is wrong, regardless of whether the company is located in China or Japan. On the contrary, a child setting fire to a cat seems a bit worse than a child setting fire to a doll--as the cat has the capacity to feel pain. Some context may seem different but in my opinion, many of them are actually equivalent. In the case of the soldier who accidentally shot and killed a fellow soldier during training vs in Baghdad--the end result is the same either way and in either case, it was an accident. I don't see the location making much of a difference. ","Interesting exercise.",1
"56","3/11/16 15:09","3/11/16 15:18",0,100,528,1,"3/11/16 15:18","R_1C3IGigW1kveKgJ",NA,NA,NA,NA,39.3,-76.62,"anonymous","EN",1,25,1,2,4,1,3,50,3,3,3,3,3,5,3,3,3,3,3,3,3,3,3,1,5,4,5,5,5,1,15.163,15.163,16.553,1,"I imagined each scenario and weighed my emotional reactions to each. ","it was very thought provoking!",1
"57","3/11/16 15:12","3/11/16 15:21",0,100,545,1,"3/11/16 15:21","R_OJvES2dS7PjYRZ7",NA,NA,NA,NA,26.03,-80.3,"anonymous","EN",1,30,3,5,1,3,2,7,2,3,2,4,3,5,3,4,4,2,2,4,2,3,3,3,5,3,4,4,2,1,0.526,4.713,7.166,2,"any pain caused to one human is as worse as pain caused to another","no",1
"58","3/11/16 15:11","3/11/16 15:24",0,100,738,1,"3/11/16 15:24","R_2CwWB5t84JmK3KO",NA,NA,NA,NA,37.42,-122.06,"anonymous","EN",1,22,2,3,4,9,2,23,3,3,3,3,3,3,3,3,4,3,3,3,3,3,3,1,5,3,3,3,5,1,4.241,4.241,9.846,1,"For the most part I didn't consider either situation as worse than the other, because either way the actions were illegal or harmful. No matter where or how someone does certain things, the outcome of most of the situarions could've been harmful to others. Everyone has the right to live without fearing for their lives etc. The instances I  did happen to lean more to one side mainly was the cat issue, because burning a doll gives time to probably intervene in the childs life to get them help before it escalates to actially life. ","I really enjoyed taking this survey, it grasped my attention really well.",1
"59","3/11/16 15:17","3/11/16 15:24",0,100,438,1,"3/11/16 15:24","R_1M0sHNmXyU1xGXI",NA,NA,NA,NA,39.96,-74.92,"anonymous","EN",1,55,1,4,2,9,9,26,3,3,3,3,3,3,3,2,3,3,3,3,3,3,3,1,5,2,5,4,5,1,14.294,14.294,20.826,1,"Rating was based on harm done to individuals.","No",1
"60","3/11/16 15:30","3/11/16 15:37",0,100,422,1,"3/11/16 15:37","R_2OJXjaA8uPyFMYf",NA,NA,NA,NA,38.95,-94.75,"anonymous","EN",2,38,1,5,1,10,10,44,3,2,5,1,3,1,4,3,3,2,3,3,3,3,3,1,5,2,5,4,5,1,5.04,6.74,8.268,2,"I tried to consider the liklihood of the incident occurring in each situation.  If it was less likely, it seemed worse","no",0
"61","3/11/16 15:31","3/11/16 15:38",0,100,433,1,"3/11/16 15:38","R_RbhCaP0OQPZIXdL",NA,NA,NA,NA,35.08,-106.64,"anonymous","EN",1,27,2,4,3,3,1,49,2,2,3,2,3,2,2,1,3,4,3,3,3,3,3,1,5,2,5,5,5,1,7.128,7.128,10.826,1,"For most of the questions, both scenarios were equally as bad. In just a few, there were just slight differences which made one worse than the other.","none",1
"62","3/11/16 15:28","3/11/16 15:47",0,100,1108,1,"3/11/16 15:47","R_V27ET0dzrLWA5m9",NA,NA,NA,NA,44.78,-85.73,"anonymous","EN",1,34,1,6,1,9,2,12,3,3,3,3,3,2,3,2,3,3,3,3,3,3,3,1,5,2,5,5,5,1,2.823,2.823,5.385,1,"Those options that caused the greater amount of pain and suffering I rated as worse. If the amount of pain and suffering was the same, regardless of the circumstances, I rated them equal.","no",1
"63","3/11/16 15:35","3/11/16 15:47",0,100,750,1,"3/11/16 15:47","R_3HjGcYvgwEWgUaB",NA,NA,NA,NA,42.56,-83.18,"anonymous","EN",1,30,1,3,1,11,10,53,3,1,5,4,4,4,2,2,3,4,3,4,3,3,3,4,5,1,5,5,5,1,3.291,3.291,4.803,1,"The answers where there were it was possible for more people to be harmed faster (i.e. gun vs. knife) I chose because of that reason. There were several answers that utilized demographics and for these it just seemed like this region or situation would be worse. The case of fast food or restaurant food poisoning i chose fast food due to the volume of people that go through there. The bartender and barista rape question just seemed worse with the barista because its more unexpected. ","Very interested to find out if this was due to demographics and utilized blatant situations as a control.",1
"64","3/11/16 15:40","3/11/16 15:51",0,100,662,1,"3/11/16 15:51","R_2bUU417v8mmEg6L",NA,NA,NA,NA,41.48,-81.8,"anonymous","EN",1,46,1,2,2,1,2,28,3,3,3,3,3,3,3,4,3,3,3,3,3,3,3,1,5,3,5,5,5,1,5.522,21.456,22.657,3,"Generally, the actions given where the same- so I chose neither was worse. A few had  differences between the actions taken- so I made the appropriate choice.","no",1
"65","3/11/16 15:45","3/11/16 15:53",0,100,480,1,"3/11/16 15:53","R_1FeP14YXwTtjQX2",NA,NA,NA,NA,33.64,-96.72,"anonymous","EN",1,39,1,7,1,11,2,0,3,3,3,3,3,3,3,3,3,3,3,3,3,3,3,1,5,1,5,5,5,1,11.442,13.843,15.312,2,"I tried to be fair and relate common understandings of severity of wrong.","no thanks.",1
"66","3/11/16 15:47","3/11/16 15:55",0,100,507,1,"3/11/16 15:55","R_3oUceJHnTHdqvpv",NA,NA,NA,NA,25.94,-80.32,"anonymous","EN",2,31,3,4,1,3,2,13,3,3,4,3,3,3,3,3,3,3,3,3,3,3,3,1,5,3,4,4,5,1,4.977,4.977,8.259,1,"When both actions were the same and only the location was different, I did not believe one was worse than the other. I believe that a child with a gun in a school is more dangerous than a child with a knife because the gun can kill several people at a distance, while a knife cannot.","No",1
"67","3/11/16 15:56","3/11/16 16:03",0,100,412,1,"3/11/16 16:03","R_80sHybC8vTHJewN",NA,NA,NA,NA,30.1,-81.72,"anonymous","EN",2,35,3,6,1,9,9,67,3,1,3,2,3,2,4,5,3,3,3,3,3,3,3,1,5,1,4,5,5,1,6.455,6.455,11.338,1,"I answered based on my personal biases with information about particular countries and the level of corruption that is ""normal"" within those countries as well as the level of harm/danger inflicted in the situation.","No",1
"68","3/11/16 15:56","3/11/16 16:03",0,100,407,1,"3/11/16 16:03","R_1HcJM6fNH8F4U7T",NA,NA,NA,NA,40.84,-111.91,"anonymous","EN",2,25,1,4,1,12,11,40,3,3,3,3,3,1,3,3,3,3,3,3,3,3,3,1,5,3,4,5,5,1,5.57,5.57,6.431,1,"I selected neither seem worse because a lot of them were the same scenario just a different location or item used.","The questions seemed to be similar to others, I would suggest making them about different subjects.",1
"69","3/11/16 16:00","3/11/16 16:05",0,100,323,1,"3/11/16 16:05","R_d06Ysqc04QTNqTL",NA,NA,NA,NA,37.42,-122.06,"anonymous","EN",1,24,1,2,3,1,10,50,3,3,3,3,3,3,3,3,3,3,3,3,3,3,3,1,5,1,4,5,5,1,1.274,1.274,2.306,1,"I answered the way I did because I was looking at the big picture. It doesn't matter where the people who were being killed were from, etc.","Quick and easy, thanks",1
"70","3/11/16 15:58","3/11/16 16:06",0,100,485,1,"3/11/16 16:06","R_a4rzwGctWyEZPG1",NA,NA,NA,NA,42.49,-75.04,"anonymous","EN",2,56,1,2,1,9,9,100,3,3,3,3,3,3,3,3,3,3,3,3,3,3,3,3,4,3,4,3,5,1,13.405,13.405,15.428,1,"it doesnt manner whereyhe situation happens","it drove me crazy",0
"71","3/11/16 16:02","3/11/16 16:11",0,100,551,1,"3/11/16 16:11","R_1kFSGsMwjZejPEW",NA,NA,NA,NA,40.8,-81.38,"anonymous","EN",2,27,1,2,4,3,11,36,3,3,3,3,3,3,3,2,3,3,3,3,3,3,3,1,5,1,4,2,5,1,5.314,5.314,8.198,1,"I chose the answers i did because the actions that seemed worse were the ones where more harm was done to living things. the ones that were the same just happened in different places but caused the same damage.","no",1
"72","3/11/16 16:10","3/11/16 16:17",0,100,435,1,"3/11/16 16:17","R_3kN63JtmvGxdiRq",NA,NA,NA,NA,42.39,-122.94,"anonymous","EN",2,21,1,3,4,3,9,9,3,3,3,3,3,3,3,2,2,3,3,3,3,3,3,1,5,2,5,5,5,1,2.567,2.567,4.433,1,"I answered based on what I thought was morally right.  The place of origin or ethnicity of the person doing the action didn't really effect the morality of the action, so I ignored those.  If the action was worse in potential property damage, lives lost, or failure to regard safety regulations, then I decided that the action was worse than the other one.","I really appreciate the trigger warning for violence and sexual violence that appeared in the beginning!  Not a lot of people think to warn about that, but I really appreciate it.  Thanks!",1
"73","3/11/16 16:24","3/11/16 16:35",0,100,673,1,"3/11/16 16:36","R_1OSIoRCXSDVEV2J",NA,NA,NA,NA,38.57,-121.47,"anonymous","EN",2,35,7,5,1,9,10,59,3,3,3,2,3,1,2,1,1,4,3,4,3,3,3,1,5,1,5,5,4,1,15.857,15.857,17.91,1,"I based my answers on the severity of the action and the severity of the result/consequences of the action.","no",1
"74","3/11/16 16:34","3/11/16 16:38",0,100,282,1,"3/11/16 16:38","R_1pzi6GZmarYEzYn",NA,NA,NA,NA,42.1,-79.25,"anonymous","EN",2,29,1,5,2,9,9,45,3,3,3,2,3,2,4,2,4,3,3,3,3,3,3,1,5,1,4,5,5,1,3.366,3.366,4.984,1,"Many actions were equal actions, just in different locations. The location itself doesn't make one better or worse; but the intent and severity of the action does.","",1
"75","3/11/16 16:36","3/11/16 16:43",0,100,465,1,"3/11/16 16:43","R_3KjnpjSLO5vV66Z",NA,NA,NA,NA,45.55,-122.82,"anonymous","EN",2,31,1,4,4,1,2,12,3,3,3,3,3,2,3,3,4,3,3,3,3,3,2,1,5,2,5,5,5,1,5.239,7.252,8.764,2,"Well if the outcome was the same (I think there was one where everything was the same I checked 5 times), It was worse. But if it was a case where an inanimate object was harmed vs a living object, I deduced the harming of a live object was the worse scenario.  ","Nope. Thank you. ",1
"76","3/16/16 9:49","3/16/16 9:53",0,100,288,1,"3/16/16 9:53","R_1mKMlrx5eXdckPy",NA,NA,NA,NA,33.91,-117.61,"anonymous","EN",1,21,1,3,5,11,1,66,3,3,3,3,3,3,3,1,3,3,3,3,3,4,3,1,5,1,5,5,5,1,2.008,2.008,3.968,1,"I decided which response had more people get injured as the worse one.","",1
"77","3/16/16 9:49","3/16/16 9:54",0,100,296,1,"3/16/16 9:54","R_1r67X0fAUalzlc2",NA,NA,NA,NA,28.02,-80.67,"anonymous","EN",2,41,1,2,3,3,11,95,3,3,3,3,3,3,3,3,3,3,3,3,3,3,3,2,3,3,3,3,5,1,7.021,7.021,8.411,1,"because it doesnt matter who what or where .. they all seem to be bad and one not worse then the other ","thank you :)",1
"78","3/16/16 9:49","3/16/16 9:54",0,100,346,1,"3/16/16 9:54","R_1GHaLX7Z7HggPIV",NA,NA,NA,NA,28.88,-81.23,"anonymous","EN",2,39,1,4,2,10,2,0,3,3,3,3,3,3,3,3,3,3,3,3,3,4,3,1,5,2,3,5,5,1,1.61,1.61,3.92,1,"Most of the time I felt the two situations were comparable and neither was worse because I don't see why, for example, the location would make a difference. Occasionally I chose one over the other because the differences were injury to a living/nonliving thing, or where the consequences for the action could have been much worse in one of the situations.","No",1
"79","3/16/16 9:49","3/16/16 9:55",0,100,384,1,"3/16/16 9:55","R_BzhvjGeulnxKDE5",NA,NA,NA,NA,23.5,121,"anonymous","EN",1,24,5,4,4,1,2,23,3,3,3,3,3,1,3,1,3,3,3,3,3,3,3,1,5,1,5,5,5,1,2.05,2.338,3.467,2,"The location, etc. doesn't make a different in whether an action was worse or not, rather, the relative morality of the situation should be based on the impact on living beings. 

In addition, if it could have been prevented, then it was definitely worse.","The questions where you just change the locations are foolish.",1
"80","3/16/16 9:51","3/16/16 9:56",0,100,257,1,"3/16/16 9:56","R_1OvnHlG1ZjwZFYU",NA,NA,NA,NA,43.22,-77.59,"anonymous","EN",1,25,1,2,3,2,9,27,3,3,3,3,3,3,3,3,3,3,3,3,3,3,3,1,5,3,5,5,5,1,1.876,1.876,5.662,1,"I just answered whatever seemed right. For the most part, the situations were obviously equal.","No",1
"81","3/16/16 9:49","3/16/16 9:56",0,100,396,1,"3/16/16 9:56","R_2QEXKTNqbZOtVlm",NA,NA,NA,NA,40.85,-74.2,"anonymous","EN",2,19,1,3,5,2,9,0,3,1,3,3,3,1,3,1,3,5,3,3,3,3,3,1,5,1,3,5,5,1,3.862,6.492,7.469,3,"I did it by putting myself in some of the scenarios","No",1
"82","3/16/16 9:51","3/16/16 9:57",0,100,329,1,"3/16/16 9:57","R_26o5r1alvK2WP4L",NA,NA,NA,NA,42.46,-71.22,"anonymous","EN",1,23,5,3,5,12,9,38,5,3,3,1,5,1,4,1,3,3,3,3,3,3,3,1,5,3,5,5,5,1,4.286,4.286,8.314,1,"Some of the options felt like one situation there was more of a standard of moral behavior, and thus when violated, felt worse. ","",1
"83","3/16/16 9:52","3/16/16 9:57",0,100,319,1,"3/16/16 9:57","R_2D5FM8yJEN3qiZL",NA,NA,NA,NA,39.79,-86.17,"anonymous","EN",1,51,1,3,4,3,2,17,3,3,3,3,3,3,3,3,3,3,3,3,3,3,3,1,5,3,4,5,5,1,3.118,3.118,5.974,1,"The answers I chose as being worse were actions that caused more severe or permanent damage to a living thing.","No.",1
"84","3/16/16 9:49","3/16/16 9:57",0,100,509,1,"3/16/16 9:57","R_vP6p23yyZKvOCVb",NA,NA,NA,NA,29.83,-82.59,"anonymous","EN",2,35,1,6,1,10,1,80,4,2,3,4,3,3,2,3,3,2,3,3,3,3,3,1,5,2,4,5,5,1,8.187,8.187,12.201,1,"If they were almost the same then I chose no difference. If it seemed one was worse then I chose the one I thought was worse.","none",1
"85","3/16/16 9:56","3/16/16 9:59",0,100,167,1,"3/16/16 9:59","R_4NqE6ZsvkHudMgp",NA,NA,NA,NA,43.22,-77.59,"anonymous","EN",2,21,1,2,3,2,2,20,3,3,3,3,3,3,3,3,3,3,3,3,3,3,3,1,4,2,5,5,5,1,1.795,1.795,3.688,1,"I just answered what seemed morally right. There wasn't deep thinking -- the answers were mostly obvious.","Not really",1
"86","3/16/16 9:55","3/16/16 10:01",0,100,325,1,"3/16/16 10:01","R_25Tkr3Y4IhSLgto",NA,NA,NA,NA,29.99,-97.86,"anonymous","EN",1,32,1,4,1,10,9,22,3,3,3,2,3,2,3,2,2,3,3,3,3,3,3,1,5,3,5,5,5,1,9.276,9.276,11.407,1,"I choose the the answers based on what i believed was the worst outcome of the presented situation.","N/A",1
"87","3/16/16 9:55","3/16/16 10:01",0,100,354,1,"3/16/16 10:01","R_OesLPI1lnctkfpn",NA,NA,NA,NA,47.54,-122.31,"anonymous","EN",2,50,1,6,3,2,2,0,3,3,3,3,3,3,3,3,3,3,3,3,3,3,3,1,5,2,4,5,5,1,4.566,4.566,8.485,1,"If the harm was equivalent, it doesn't matter whether it was in one place or another. Or what the person was doing before. If the harm was not equivalent, then one choice would be worse.","no",1
"88","3/16/16 9:54","3/16/16 10:01",0,100,419,1,"3/16/16 10:01","R_1ePFEsrzRtvL2zc",NA,NA,NA,NA,38.65,-89.52,"anonymous","EN",1,31,1,5,2,10,9,40,3,3,3,3,3,3,3,3,3,3,3,3,3,3,3,2,5,2,4,5,5,1,10.261,10.261,14.587,1,"A type of crime is a type of crime no matter where they take place. Some are worse than others but when its the same scenario just in a different location that does not make 1 less or more severe than the other. ","None",1
"89","3/16/16 9:55","3/16/16 10:01",0,100,367,1,"3/16/16 10:01","R_SOkdT0tTSVax7vX",NA,NA,NA,NA,43.48,-124.16,"anonymous","EN",1,25,1,3,2,2,2,0,4,3,3,1,3,3,3,2,3,3,3,3,3,4,2,1,5,2,5,5,5,1,3.478,3.478,6.572,1,"I weighted my choices on the harm done.","No.",1
"90","3/16/16 9:58","3/16/16 10:05",0,100,411,1,"3/16/16 10:05","R_3qz1tWMDb7TzJT5",NA,NA,NA,NA,43.02,-89.36,"anonymous","EN",1,23,1,4,1,9,1,64,3,3,3,3,3,3,3,3,1,3,3,3,3,3,3,1,5,1,5,5,5,1,3.746,3.746,5.375,1,"I answered which I thought were worse. If it was just a little different then both are the same so I selected neither. ","no",1
"91","3/16/16 9:59","3/16/16 10:06",0,100,417,1,"3/16/16 10:06","R_b8b6Ogf21N1tRlv",NA,NA,NA,NA,26.45,-80.1,"anonymous","EN",2,24,1,2,3,1,2,0,3,3,3,3,3,3,3,3,3,3,3,3,3,3,3,1,5,2,3,5,5,1,3.501,3.501,5.135,1,"I chose my answered based on what I was taught was right from wrong. If it was the same incident but a different place then neither was worse than the other in my eyes because location doesn't matter. If it was between an animal and a toy then the animal was worse because it is a living thing that feels pain.","",1
"92","3/16/16 10:06","3/16/16 10:10",0,100,208,1,"3/16/16 10:10","R_DDgE8NsHSvlVZbb",NA,NA,NA,NA,33.31,-111.84,"anonymous","EN",1,35,5,4,1,2,2,8,3,3,3,3,3,3,3,3,3,3,3,2,3,3,3,3,3,3,2,3,5,1,8.754,8.754,11.396,1,"only minor differences but the acts were both disgusting and bad","n/a",1
"93","3/16/16 10:06","3/16/16 10:11",0,100,273,1,"3/16/16 10:11","R_2Xj0l3goZyL4aJm",NA,NA,NA,NA,40.74,-73.98,"anonymous","EN",2,28,1,4,1,9,3,23,3,3,3,3,3,2,3,3,3,3,3,3,3,3,3,1,5,2,5,5,5,1,2.059,2.059,8.303,1,"I think that all human lives are precious, no matter where they are, and that actual harm matters. ","Very interesting questions, from a philosophical standpoint. Best of luck in your research!",1
"94","3/16/16 9:56","3/16/16 10:11",0,100,909,1,"3/16/16 10:11","R_1cXGbGU24AAnELR",NA,NA,NA,NA,42.46,-92.32,"anonymous","EN",2,25,3,3,2,3,11,50,3,2,1,1,3,1,2,2,2,2,3,1,3,3,5,1,5,1,5,5,5,1,0.596,1.846,3.322,2,"I was deciding which one I would least likely want to be part of for what seemed worse. Sometimes it was the location like one was in Louisiana and another in Florida with a couple that had finicial problems and the one in florida seemed wrose because i don't think of peoplethat live in floridida as fhaving finanical problems.","",1
"95","3/16/16 10:07","3/16/16 10:13",0,100,409,1,"3/16/16 10:13","R_8ffmrN5XLX7pj69",NA,NA,NA,NA,41.11,20.08,"anonymous","EN",1,27,1,6,1,9,1,10,3,3,3,1,3,1,3,3,1,3,3,2,3,3,3,1,5,1,5,5,5,1,2.949,4.664,5.969,2,"i answer what is worste because some criminal things are worster then others","no",1
"96","3/16/16 10:09","3/16/16 10:15",0,100,325,1,"3/16/16 10:15","R_qyK0fznojVrmZ7b",NA,NA,NA,NA,39.95,-75.15,"anonymous","EN",2,43,1,6,1,11,2,16,3,3,3,3,3,3,3,3,4,3,3,3,3,3,3,1,5,3,5,5,5,1,2.572,2.572,3.879,1,"An action is an action, no matter who does it or where it is. The ones that the actual actions were different were the ones where I could say one was worse. ","It was interesting!",1
"97","3/16/16 10:12","3/16/16 10:16",0,100,249,1,"3/16/16 10:16","R_2R9Bk6xfdMUwx8f",NA,NA,NA,NA,32.62,-97.28,"anonymous","EN",1,39,1,4,1,2,3,49,3,3,3,3,3,2,3,2,4,3,3,3,3,3,3,1,5,3,3,5,5,1,2.698,2.698,3.691,1,"I tried to base my answers on my moral compass and also took an objective, realistic approach the best I could.","No",1
"98","3/16/16 10:11","3/16/16 10:18",0,100,398,1,"3/16/16 10:18","R_eCZVUo0HF20vQoF",NA,NA,NA,NA,45.53,-122.64,"anonymous","EN",1,35,1,6,1,3,2,10,3,2,3,3,3,2,3,2,4,3,3,3,3,3,3,1,5,2,5,5,5,1,7.312,7.312,10.04,1,"The actions themselves needed to be worse, not the location of where they occurred. The degree to which someone was harmed informed my decisions. ","No",1
"99","3/16/16 10:12","3/16/16 10:19",0,100,452,1,"3/16/16 10:19","R_38zcUtvm6eqMrND",NA,NA,NA,NA,46.53,-120.2,"anonymous","EN",2,28,1,4,1,3,11,50,4,1,5,1,4,4,4,1,1,4,1,4,4,4,5,1,5,1,5,1,5,1,4.863,4.863,6.776,1,"I gave my answer based off the area in which they took place. I also looked at if the violence weapon was worse than the other. I also looked at the situation in which it happen. ","Thank you",1
"100","3/16/16 10:15","3/16/16 10:19",0,100,276,1,"3/16/16 10:19","R_1onWsLpZAvmcVIa",NA,NA,NA,NA,33.86,-85.78,"anonymous","EN",2,33,1,5,3,3,1,72,5,2,4,1,3,1,3,2,3,1,3,3,3,3,3,1,5,3,5,5,5,1,4.55,4.55,5.483,1,"Some countries you expect to have issues, others you expect to have certain standards.","No",1
"101","3/16/16 10:09","3/16/16 10:19",0,100,618,1,"3/16/16 10:19","R_3ND5zIPfbRz7jUC",NA,NA,NA,NA,41.92,-88.07,"anonymous","EN",2,38,1,6,1,3,2,8,3,2,3,3,3,3,3,3,3,3,3,3,3,3,2,2,3,3,5,3,3,1,7.089,7.089,10.098,1,"I think actions that hurt another are bad, but I seem to gravitate toward gun violence being the worst of the worst. The sentences that were the same I put neither seems worse down.","I have no additional comments on this study.",1
"102","3/16/16 10:13","3/16/16 10:20",0,100,384,1,"3/16/16 10:20","R_2ebyGDidaF54Qpf",NA,NA,NA,NA,42.29,-83.71,"anonymous","EN",1,27,1,7,1,3,2,1,3,3,3,3,3,3,2,1,4,3,3,3,3,3,3,1,5,1,4,5,5,1,2.42,2.42,3.553,1,"If equal harm was caused, I rated them equally unless there was a substantial mitigating circumstance. For instance, due to the exchange rates, a police officer holding people hostage for $100 in Mexico is actually asking for *more money* relative to what he/she could be expected to buy than a police officer in Spain asking for the same flat amount. Likewise, a US marine accidentally shooting a comrade in a war zone is more understandable than in a training exercise (more on edge, more potential rationale for being too trigger happy).","Nope",1
"103","3/16/16 10:18","3/16/16 10:24",0,100,327,1,"3/16/16 10:24","R_2P5ncFz0iDhtSmW",NA,NA,NA,NA,40.42,-74.26,"anonymous","EN",2,30,1,6,5,1,2,12,4,1,4,2,3,1,4,2,4,3,3,3,3,3,3,1,5,1,5,5,5,1,2.789,3.413,5.841,2,"I either looked at which action caused more harm or which action caused a place that normally seems safe to feel unsafe. For example, for the choice between a child setting a doll and cat on fire, I chose setting the cat on fire because it harms something living. For the choice between terrorists bombing a bus in Israel or London, I chose London because London usually feels safe from this type of attack, and the feeling of insecurity that comes with an attack in a normally safe place makes it worse.","",1
"104","3/16/16 10:22","3/16/16 10:25",0,100,170,1,"3/16/16 10:25","R_pbMllvJxBfbOsg1",NA,NA,NA,NA,32.32,-90.11,"anonymous","EN",1,25,1,4,1,10,9,50,2,4,2,2,3,4,3,2,3,3,3,3,2,1,2,2,4,3,4,4,3,0,0.181,0.181,1.023,1,"Because it was my opinion about this topics","No",1
"105","3/16/16 10:17","3/16/16 10:27",0,100,628,1,"3/16/16 10:27","R_2fok95JUkjjOIut",NA,NA,NA,NA,41.76,-70.72,"anonymous","EN",2,51,1,4,2,9,2,9,3,3,4,2,3,2,3,2,3,3,3,3,3,3,3,1,5,1,5,5,5,1,5.244,5.244,9.359,1,"In the questions that involved weapons, I based some of the judgment on the type of weapon. On some of the other questions, like the rape question, i based the judgment on whether or not there could be anticipation of a potentially bad situation. Going to a bar would cause a prudent person to keep an eye on their drink but in a coffee shop that presumption of intoxication is absent. Situations definitely made a difference in my choices but locations, like certain states/cities, weren't as significant.","very interesting and different from the usual, thanks very much!",1
"106","3/16/16 10:22","3/16/16 10:28",0,100,353,1,"3/16/16 10:28","R_2fDxdhmlh0tCDy7",NA,NA,NA,NA,39.96,-82.07,"anonymous","EN",1,25,1,3,4,2,11,30,3,3,3,3,3,2,3,3,4,3,3,3,3,3,3,1,5,1,5,5,5,1,3.346,3.346,5.642,1,"Many of the questions were the same event in different locations, where neither is worse than the other even though many of them are still terrible.

For the other questions, any event that causes a greater deal of harm is certainly the worse of the two.","",1
"107","3/16/16 10:31","3/16/16 10:36",0,100,298,1,"3/16/16 10:36","R_3MfioPgEahrxyCV",NA,NA,NA,NA,40,-74.99,"anonymous","EN",2,31,1,6,1,10,2,43,3,2,3,3,3,2,3,2,4,3,3,3,3,3,4,1,5,3,5,5,5,1,2.086,2.086,2.895,1,"I tried to think if more people were harmed or unexpectedly harmed in one situation more so than the other. ","No",1
"108","3/16/16 10:49","3/16/16 10:52",0,100,197,1,"3/16/16 10:52","R_1NySuH8PIjLGZOA",NA,NA,NA,NA,33.98,-118.44,"anonymous","EN",2,34,1,4,1,11,2,10,5,3,2,1,3,1,3,3,5,3,3,3,3,2,3,1,5,1,5,5,5,1,1.917,1.917,2.677,1,"Just followed my gut","",1
"109","3/16/16 10:54","3/16/16 11:03",0,100,530,1,"3/16/16 11:03","R_3NUTln54t0Qq5V8",NA,NA,NA,NA,42.12,-89.19,"anonymous","EN",1,27,1,6,2,3,9,14,4,2,3,2,3,3,4,3,3,3,3,3,3,3,3,1,4,3,5,5,5,1,8.648,8.648,17.204,1,"Most of the time, both situations appeared equally bad. Occasionally, with regards to where the crime was committed, it seemed that the location that I would least expect such an atrocity to occur I viewed as worse.","No.",1
"110","3/16/16 10:58","3/16/16 11:07",0,100,575,1,"3/16/16 11:07","R_3kMnpUKow91xhIw",NA,NA,NA,NA,48.74,-122.48,"anonymous","EN",1,31,1,3,1,1,9,0,3,3,3,3,3,2,3,3,4,3,3,3,3,3,3,1,5,3,5,5,5,1,2.642,2.642,4.663,1,"I thought about which action brought the most harm. In the case of spoiled food at a 4 star restaurant and the police officer being killed while investigating vandalism, I labeled those as worse because people going into those situations had less reason to expect this, and therefore were probably more adversely affected.","No",1
"111","3/16/16 11:12","3/16/16 11:24",0,100,737,1,"3/16/16 11:24","R_Xhtj6OTfDVEWNbj",NA,NA,NA,NA,42.98,-78.79,"anonymous","EN",1,65,1,4,4,9,11,44,3,3,3,3,3,2,3,2,3,3,3,3,3,3,3,1,5,3,5,5,5,1,4.999,4.999,7.007,1,"Most of the actions were not worse than the other, in my opinion. In my thoughts, there are absolutes: for example, rape is rape whether committed by a barista or a bartender. In a few cases the people can expect a better quality of behavior (4-star restaurant vs fast food). But, for the most part people, companies, organizations should act morally and ethically.","One of the more interesting surveys. Thank you.",1
"112","3/11/16 14:11","3/11/16 14:13",0,62,119,0,"3/18/16 15:14","R_3erE9H2TKkeXuhg",NA,NA,NA,NA,NA,NA,"anonymous","EN",2,27,1,2,1,2,2,83,NA,NA,NA,NA,NA,NA,1,NA,NA,NA,NA,NA,NA,NA,NA,3,NA,NA,NA,NA,NA,NA,NA,NA,NA,NA,"","",NA
"113","3/11/16 15:07","3/11/16 15:41",0,62,2060,0,"3/18/16 16:42","R_30eOcAYT6jJJxNv",NA,NA,NA,NA,NA,NA,"anonymous","EN",2,18,3,1,2,2,11,100,NA,NA,NA,1,NA,NA,NA,5,NA,5,NA,NA,NA,1,1,NA,NA,1,5,NA,NA,NA,NA,NA,NA,NA,"","",NA
"114","3/16/16 10:05","3/16/16 10:09",0,57,233,0,"3/23/16 10:09","R_2sR6BhOZonq9GRY",NA,NA,NA,NA,NA,NA,"anonymous","EN",2,37,1,4,1,3,2,0,NA,NA,NA,NA,NA,NA,NA,NA,NA,NA,NA,NA,NA,NA,NA,NA,NA,NA,NA,NA,NA,NA,NA,NA,NA,NA,"","",NA
